name,lastname
James,Wise
Bradley,Reynolds
Daniel,Zimmerman
Beth,Smith
Theresa,Montes
Amy,Davis
Ashley,Dunlap
Sheri,Chen
Kevin,Herman
Shane,Nelson
Larry,Burns
Toni,Sanchez
Dominique,Gray
Shannon,Garcia
Stephanie,Rodriguez
Carl,Harris
Brian,Edwards
Robin,Carr
Matthew,Potter
Thomas,Hines
Kathleen,Jones
Robert,Turner
Cory,Pham
Cheryl,Bennett
Nancy,Mclaughlin
Anne,Harris
Lee,Jones
Tim,Page
Nicole,Kennedy
Lori,Boyd
Samantha,Garrett
Joseph,Taylor
Lisa,Paul
Jeffery,Williams
Gina,Hunter
Matthew,Jones
Steven,Sweeney
Jennifer,Greene
Gregory,Dorsey
Kevin,Mitchell
Juan,Cantu
Tom,Young
Amy,Hill
Amanda,Stewart
Danielle,Solis
Matthew,Fox
Stephanie,Powell
Alejandro,White
Katherine,Hernandez
Jeffrey,Adams
Cameron,Mendoza
John,Gallagher
Emily,James
Wendy,Carlson
Shawn,Vang
Mark,Cox
Linda,Evans
Erika,Robles
Haley,Lee
Joshua,Martin
Kelly,Fisher
Barbara,Reeves
Yvonne,Baker
Michael,Robinson
Allen,Gibson
Virginia,Garcia
Derek,Hall
Lindsey,Walker
Alisha,Harrison
Zachary,Dunn
Amanda,Miller
Morgan,Williams
Dawn,Barker
Larry,Yang
Derrick,Roberson
Caitlin,Phillips
Nathan,Koch
Garrett,Moore
Ricardo,Mathis
Maria,Huang
Angela,Johnson
Thomas,Yates
Mary,Thompson
Andrea,Price
Brenda,Robinson
Mark,Green
Andrew,Adkins
Danny,Sullivan
James,Sandoval
Jennifer,Zimmerman
Rhonda,Parks
David,Moore
Andrew,Smith
Alan,Brooks
Maria,Bell
John,Wilson
Joan,Copeland
Kathleen,Wright
Tina,Smith
Amber,Harris
Victoria,Perez
Terrance,Graves
Jason,Cox
Sarah,Mendoza
Jacob,Lee
Nancy,Anderson
Brianna,Jensen
Courtney,Sanford
Christina,Neal
Alejandra,Castro
Stephanie,Trujillo
Jeffrey,Roberts
Heidi,May
Melanie,Jacobson
Kenneth,Goodman
Shawn,Jackson
Tara,Pena
Heather,Woods
Sabrina,Ray
Jerry,Wong
Cathy,Wood
Paige,Watkins
Gregory,Barber
Cheryl,Jackson
Lisa,Turner
Charlene,Rodriguez
Tyler,Garcia
Evan,Hicks
Amber,Grant
Ricardo,Wilson
Tracy,Williams
Michael,Hamilton
Bradley,Davis
Craig,Perez
Sara,Wagner
Christopher,Graham
Ronnie,Reyes
Wayne,Stewart
Ronald,Reynolds
Richard,Cobb
Erika,Norman
Nicholas,Rogers
Michael,Torres
Christina,Brown
Valerie,White
Rebecca,Williams
Sherri,Davis
Keith,Woods
Maria,Mitchell
Rachel,Raymond
Reginald,Lee
Kayla,Farrell
Luis,Patel
Tina,Fowler
Heather,Bryant
Sue,Marshall
Jennifer,Mercado
Janet,Molina
Misty,Stanley
Samuel,Sparks
Melvin,Bird
Margaret,Ward
Jessica,Smith
Sean,Brown
Samuel,Francis
Mary,Simon
Charles,Anderson
Carolyn,Gill
Thomas,Love
Stacey,Hall
Krystal,Palmer
Brett,Kelly
Julia,Mcdonald
Leroy,Miller
Megan,Beck
Marie,Mann
Carol,Mckinney
Julia,Romero
Amy,Keller
Joseph,Mckinney
Mallory,Rios
Dean,Murillo
Joseph,Hawkins
Danielle,Ayers
Kyle,Hensley
Emma,Landry
Veronica,Rodriguez
Paula,Becker
Brian,Chen
Jacob,Mann
Jonathan,Castillo
Victoria,Gilbert
Kenneth,Shelton
Calvin,Carter
Elizabeth,Phillips
James,Smith
Brittney,Miller
Timothy,Moore
Stephanie,Reyes
Nathan,Turner
Catherine,Lee
Christopher,Roman
Patrick,Simpson
Thomas,Brown
Tara,Anderson
Stephen,Stewart
Douglas,Cox
Kevin,Whitaker
Crystal,Chase
Matthew,Allen
Benjamin,Burton
Jonathan,Adams
Jonathan,Carter
Pamela,Griffith
Patricia,Marshall
John,Collins
Kayla,Reese
Kristin,Miller
Amanda,Hayes
Bryan,Duke
Emily,Salazar
Alan,Singleton
Michelle,Lester
Travis,Mason
James,Pierce
James,Hernandez
Jasmine,Lloyd
Stephen,Simmons
Maria,Meyer
Sonya,Parker
Michelle,Lester
Scott,Choi
Melvin,Fox
Elizabeth,Gonzalez
Michael,Schaefer
Joseph,Lee
Terri,Durham
Renee,Pacheco
Erika,Whitaker
Charles,Weber
Eric,Cain
Daniel,Myers
Olivia,Hernandez
Michael,Williams
Veronica,Campos
Amy,Hunt
Mary,Garrett
Steven,Soto
John,Williams
Frank,Howard
Michael,Barker
Jennifer,Brown
Robert,Walker
Christopher,Brown
Pamela,Pacheco
Brittany,Cox
John,Humphrey
Kathryn,Underwood
Kevin,Green
Philip,Martin
Brandy,Martinez
Mark,Obrien
Brian,Velez
Gary,Buckley
Douglas,Hall
Victor,Owens
Lori,Mitchell
Jennifer,Lopez
Lynn,Rogers
Robert,Powell
Jonathan,Gonzales
Heather,Coleman
Brandy,Neal
Amy,Mcmillan
Theodore,Baldwin
April,Alvarado
Lisa,Terry
William,Fisher
Patricia,Johnston
Benjamin,Freeman
Katherine,James
Diane,Smith
Derek,Harris
William,Webster
Stephanie,Collins
Tommy,Reeves
Christopher,Morris
Jordan,Roberts
Tara,Quinn
Lisa,Martinez
Benjamin,Williams
Cassie,Mcclain
Daniel,Long
Vanessa,Peck
Denise,Jenkins
Daniel,Reynolds
Eddie,Little
Kimberly,Brooks
Christopher,Leon
Nicholas,Gonzalez
Lauren,Lee
Caleb,Jenkins
Jonathan,Moreno
Amy,Joseph
Kelly,Carter
Lauren,Sanchez
Brenda,Cross
Emily,Rivera
Joshua,Christian
Antonio,Wolfe
April,Hansen
Calvin,Harris
Andrew,Miller
Joseph,Curry
Selena,Green
David,Taylor
Michelle,Sanford
Nathan,Scott
Brian,Stanton
Emily,Henderson
Holly,Chambers
Mike,Ruiz
Donald,Tucker
John,Jones
Jeanette,Hendricks
Jessica,Jacobson
Matthew,Adams
Marilyn,Villa
William,Rogers
Jennifer,Patel
Nathan,Lewis
Shirley,Hood
Mary,Stevens
Dennis,Martin
Lawrence,Owen
Rachel,Jimenez
Cynthia,Silva
Jacqueline,Hendricks
Lisa,Dougherty
William,Barton
Jessica,Nichols
Joel,Swanson
Diane,Williams
Travis,Hernandez
Bradley,Stein
Tina,Charles
Nicholas,Montgomery
Megan,Harrison
Samantha,Gilmore
Jason,Arnold
Amy,Bolton
Pamela,Harper
Brandon,Wilson
Megan,Fox
Andrew,Coleman
Nancy,Hill
Christine,Hill
Heidi,Chung
Jennifer,Peters
Marvin,Blackburn
Megan,Blair
Matthew,Powell
Charles,Martin
Haley,Singleton
Lori,Smith
Carmen,Clayton
Hunter,Garcia
Luis,Harmon
Kim,Martinez
Steven,Patel
Marcus,Romero
Nicolas,Wong
Megan,Hampton
Cristian,Sanders
Jared,Ferguson
Theresa,Martin
Michelle,York
Richard,Contreras
Charles,Cooper
Kevin,Edwards
Samantha,Jones
Monica,Turner
Charles,Miller
Stephanie,Frye
Jennifer,Fowler
William,Rocha
Melody,Campos
Kristen,Haas
Theresa,Cunningham
Suzanne,King
Nicole,Moore
Christopher,Davis
Denise,White
Brittany,Miller
Melissa,Sloan
Devin,Greene
Benjamin,Todd
Timothy,Church
Natalie,Adams
Jennifer,Delgado
Anthony,Jackson
James,Chavez
Justin,Webb
William,Rios
Tiffany,Cochran
Jason,Sellers
Bethany,Craig
Gwendolyn,Lyons
Tony,Crawford
Christopher,Taylor
Jennifer,Roth
Lindsey,Hurst
David,Rowe
Alex,Singh
Stacie,Wise
Nicolas,Davis
Nicole,Roberts
Barbara,Morris
Deborah,Bell
Julie,Fuentes
Curtis,Allen
Ryan,Hernandez
Angela,Stewart
Michael,Wolf
Madison,Farmer
Mario,Stephens
Stephanie,Banks
Shane,Jacobson
Jade,Martin
Linda,Ali
Gregory,Hutchinson
Isabel,Baker
Kelly,Reed
Alicia,Valdez
Andrew,Haas
Kim,Luna
Priscilla,Smith
Brandon,Frazier
Karen,Schultz
Jimmy,Brandt
Lori,Joseph
Caitlin,Adams
Janice,Decker
Nicholas,Rogers
Arthur,Patrick
John,Barker
Richard,Davis
Leslie,Perez
Autumn,Grant
Mark,Nguyen
Robert,Vaughn
Sandra,Jimenez
Grace,Morris
Robert,Harmon
Heather,Delacruz
Eddie,Krause
Jennifer,Conway
Brian,Chambers
Jacqueline,Morales
Alyssa,Hill
Ryan,Delgado
David,Francis
Regina,Velazquez
Jonathan,Gray
Jacob,Cooper
Mary,Fowler
Kathleen,Mason
Rhonda,Foster
John,White
Jamie,Collins
Ivan,Nguyen
Randy,Miller
John,James
Ian,Taylor
Andrew,Christensen
Jennifer,Petersen
Austin,Goodwin
Joshua,Gonzales
Steven,Wall
Jennifer,Ryan
Melanie,Bean
Samuel,Davis
Jesus,Lee
Adrian,Henson
Brian,Bentley
Diana,Hubbard
Kevin,Young
Julie,Villanueva
Kyle,Mitchell
Tony,Jordan
Linda,Kirby
John,Collins
David,Schroeder
Ebony,Barton
Christopher,Barnett
Stephen,Alexander
Phillip,Bradford
Tony,Griffith
Amber,Reyes
James,Mitchell
Michele,Martin
Michelle,Cooper
Jennifer,Smith
Kevin,Herrera
Terri,Thompson
Pamela,Lopez
William,Ross
Andrew,Dean
Rebecca,Green
Tammy,Ferguson
Jennifer,Hall
Edward,Taylor
James,Wilson
Charles,Smith
Evan,Turner
Brandy,Briggs
Manuel,Foster
Ann,Bradley
Sean,Wright
Julia,Davis
Ann,Johnson
Holly,Taylor
Abigail,Harrison
Lisa,Lane
Ronald,Marshall
Michael,Wilson
Lori,Price
Derek,Martinez
Monique,Brown
Gina,Hart
Richard,Glover
Zachary,Ortega
Tiffany,Jones
John,Smith
Christopher,Franco
Joseph,Bush
James,Fleming
Diana,Gardner
Lauren,Ritter
Tonya,Johns
Adam,Washington
Pamela,Moran
Ryan,Brown
Robert,Johnson
Joseph,Davidson
Matthew,Rodriguez
Gregory,Gibson
Christine,Cardenas
Mark,Beck
Joan,Harris
Andrew,Foster
Sabrina,Hall
Erin,Nguyen
Gregory,Barker
Jason,Taylor
Shannon,Mason
Nathaniel,Mcdonald
Beth,Davidson
Brittney,Hansen
Gilbert,White
Dawn,Montgomery
Nicole,Moore
Debra,Jones
Samantha,Rios
Devin,Black
Jermaine,Barr
Kaitlin,Coffey
Drew,Hernandez
Nicholas,West
Andrea,Ray
Linda,Jones
Shawna,Lopez
Jennifer,Webb
Marc,Wade
Melissa,Clark
Michelle,Wallace
Laurie,Vega
Bradley,Mcgee
Jacqueline,Wilson
Kristina,Mckinney
April,Holden
Daniel,Doyle
Benjamin,Wells
Joseph,Mills
Terri,Perez
Pamela,Ware
Patrick,Gonzales
Riley,Harrell
Rachel,Brooks
Leslie,Wilson
Stephanie,Smith
Kenneth,Robinson
Denise,Smith
Miranda,Schwartz
Carl,Dixon
John,Bullock
Bryan,Wilson
Riley,Matthews
Ann,Stanton
Ryan,Gomez
